Jahr;Monat;Woche;Frauen 0-64;Frauen 65+;Männer 0-64;Männer 65+;Total
2026;01;01;0;0;0;12;12
2026;01;02;9;0;0;0;9
2026;01;05;1;0;0;0;1
2025;10;40;2;18;3;30;53
2025;10;41;0;15;2;17;34
2025;10;42;4;12;7;23;46
2025;1;1;1;21;5;20;47
2025;1;2;4;25;7;18;54
2025;12;50;;;;;0
2025;1;3;4;16;5;26;51
2025;1;4;1;28;1;26;56
2025;2;5;0;26;7;25;58
2025;2;6;2;27;3;24;56
2025;2;7;1;22;3;19;45
2025;2;8;0;14;5;18;37
2025;3;10;1;22;2;26;51
2025;3;11;1;21;6;18;46
2025;3;12;0;13;4;24;41
2025;3;13;3;22;5;30;60
2025;3;9;2;19;3;28;52
2025;4;14;2;19;3;16;40
2025;4;15;2;26;5;14;47
2025;4;16;1;13;3;18;35
2025;4;17;4;11;1;16;32
2025;5;18;1;21;3;19;44
2025;5;19;1;18;4;13;36
2025;5;20;0;16;4;19;39
2025;5;21;2;21;4;18;45
2025;6;22;3;14;3;19;39
2025;6;23;1;17;7;13;38
2025;6;24;2;18;3;16;39
2025;6;25;3;14;8;20;45
2025;6;26;0;21;6;14;41
2025;7;27;6;18;3;12;39
2025;7;28;2;21;5;18;46
2025;7;29;1;17;4;22;44
2025;7;30;0;12;2;22;36
2025;8;31;1;24;3;22;50
2025;8;32;4;16;3;15;38
2025;8;33;2;18;0;18;38
2025;8;34;1;17;6;10;34
2025;9;35;2;14;4;20;40
2025;9;36;1;14;3;12;30
2025;9;37;1;21;2;16;40
2025;9;38;6;20;7;24;57
2025;9;39;1;17;2;16;36
2024;10;41;0;26;4;17;47
2024;10;42;1;22;4;24;51
2024;10;43;2;21;2;17;42
2024;10;44;3;15;3;18;39
2024;1;1;0;23;6;25;54
2024;11;45;5;19;2;22;48
2024;11;46;0;17;2;13;32
2024;11;47;0;18;3;21;42
2024;11;48;3;19;5;21;48
2024;1;2;0;18;3;28;49
2024;12;49;2;17;0;15;34
2024;12;50;1;17;4;14;36
2024;12;51;0;21;5;34;60
2024;12;52;4;28;5;31;68
2024;1;3;1;19;9;18;47
2024;1;4;4;18;1;20;43
2024;1;5;2;20;4;13;39
2024;2;6;3;20;2;22;47
2024;2;7;1;16;4;21;42
2024;2;8;2;14;7;15;38
2024;2;9;1;13;6;18;38
2024;3;10;3;23;3;23;52
2024;3;11;4;20;5;25;54
2024;3;12;0;24;3;14;41
2024;3;13;3;24;4;21;52
2024;4;14;0;13;3;22;38
2024;4;15;4;15;3;22;44
2024;4;16;0;12;4;23;39
2024;4;17;3;28;2;11;44
2024;4;18;0;18;2;17;37
2024;5;19;2;22;3;22;49
2024;5;20;3;17;3;33;56
2024;5;21;2;26;2;15;45
2024;5;22;2;19;3;15;39
2024;6;23;2;13;2;18;35
2024;6;24;3;21;3;15;42
2024;6;25;4;21;7;12;44
2024;6;26;1;24;2;20;47
2024;7;27;0;19;3;20;42
2024;7;28;2;19;4;21;46
2024;7;29;2;20;8;21;51
2024;7;30;4;18;2;13;37
2024;7;31;3;14;1;13;31
2024;8;32;6;11;3;16;36
2024;8;33;3;13;3;13;32
2024;8;34;7;22;0;15;44
2024;8;35;2;25;6;20;53
2024;9;36;1;15;0;30;46
2024;9;37;1;16;3;10;30
2024;9;38;2;14;3;21;40
2024;9;39;1;17;3;24;45
2024;9;40;3;25;6;19;53
2023;10;40;2;15;2;14;33
2023;10;41;4;21;6;16;47
2023;10;42;2;21;5;21;49
2023;10;43;2;16;5;16;39
2023;10;44;3;23;3;19;48
2023;1;1;2;26;3;15;46
2023;11;45;3;18;3;22;46
2023;11;46;0;25;7;22;54
2023;11;47;4;23;1;18;46
2023;11;48;2;23;2;15;42
2023;1;2;1;23;2;24;50
2023;12;49;11;26;5;18;60
2023;12;50;2;16;3;28;49
2023;12;51;4;31;4;23;62
2023;12;52;0;23;4;20;47
2023;1;3;4;19;6;27;56
2023;1;4;3;27;2;18;50
2023;1;5;2;27;7;19;55
2023;2;6;1;22;4;26;53
2023;2;7;4;20;3;27;54
2023;2;8;3;21;4;18;46
2023;2;9;3;23;2;19;47
2023;3;10;1;30;4;18;53
2023;3;11;0;23;5;23;51
2023;3;12;2;19;6;17;44
2023;3;13;3;15;3;25;46
2023;4;14;2;10;3;17;32
2023;4;15;1;18;2;17;38
2023;4;16;1;16;3;19;39
2023;4;17;0;16;2;15;33
2023;5;18;1;20;4;18;43
2023;5;19;2;18;7;14;41
2023;5;20;1;16;3;12;32
2023;5;21;1;13;3;21;38
2023;5;22;1;16;2;21;40
2023;6;23;2;17;6;15;40
2023;6;24;3;13;4;15;35
2023;6;25;5;19;1;16;41
2023;6;26;2;12;4;21;39
2023;7;27;1;14;2;12;29
2023;7;28;3;17;5;23;48
2023;7;29;2;20;4;11;37
2023;7;30;4;18;9;16;47
2023;7;31;2;13;5;13;33
2023;8;32;2;15;4;17;38
2023;8;33;4;15;5;17;41
2023;8;34;2;8;6;21;37
2023;8;35;0;16;5;14;35
2023;9;36;3;21;6;9;39
2023;9;37;1;20;0;20;41
2023;9;38;3;22;2;18;45
2023;9;39;1;17;1;22;41
2022;10;40;6;19;3;21;49
2022;10;41;4;27;5;16;52
2022;10;42;3;27;2;31;63
2022;10;43;5;19;5;21;50
2022;10;44;1;18;5;13;37
2022;1;1;1;25;5;18;49
2022;11;45;3;27;6;17;53
2022;11;46;1;20;1;21;43
2022;11;47;3;20;2;16;41
2022;11;48;1;16;2;28;47
2022;1;2;3;27;4;24;58
2022;12;49;6;27;6;25;64
2022;12;50;3;29;3;21;56
2022;12;51;3;26;6;19;54
2022;12;52;2;21;4;16;43
2022;1;3;3;28;3;24;58
2022;1;4;1;19;5;25;50
2022;1;5;2;25;1;27;55
2022;2;6;1;16;4;24;45
2022;2;7;2;24;5;25;56
2022;2;8;2;24;9;15;50
2022;2;9;0;19;2;19;40
2022;3;10;2;18;1;13;34
2022;3;11;2;17;5;25;49
2022;3;12;2;22;6;22;52
2022;3;13;4;20;4;16;44
2022;4;14;2;21;4;22;49
2022;4;15;3;12;3;17;35
2022;4;16;3;20;4;20;47
2022;4;17;3;15;3;20;41
2022;5;18;3;14;5;16;38
2022;5;19;1;27;6;19;53
2022;5;20;2;20;3;22;47
2022;5;21;4;17;4;11;36
2022;5;22;4;20;2;24;50
2022;6;23;6;12;7;17;42
2022;6;24;4;20;3;18;45
2022;6;25;2;14;1;21;38
2022;6;26;4;10;4;17;35
2022;7;27;4;19;7;19;49
2022;7;28;2;21;5;18;46
2022;7;29;2;25;4;24;55
2022;7;30;9;22;2;18;51
2022;8;31;3;25;1;20;49
2022;8;32;4;19;5;16;44
2022;8;33;1;24;6;18;49
2022;8;34;3;17;3;26;49
2022;8;35;2;18;3;14;37
2022;9;36;2;18;7;22;49
2022;9;37;1;11;6;17;35
2022;9;38;2;20;5;16;43
2022;9;39;5;18;5;15;43
2021;10;40;3;29;1;12;45
2021;10;41;6;17;3;19;45
2021;10;42;1;21;5;16;43
2021;10;43;1;18;3;20;42
2021;1;1;3;21;1;23;48
2021;11;44;1;15;3;21;40
2021;11;45;2;28;2;25;57
2021;11;46;0;20;2;21;43
2021;11;47;3;17;2;18;40
2021;11;48;4;20;1;25;50
2021;12;49;4;23;6;26;59
2021;12;50;3;22;5;25;55
2021;12;51;2;19;4;27;52
2021;12;52;5;19;3;24;51
2021;1;2;6;32;8;27;73
2021;1;3;3;21;5;24;53
2021;1;4;2;17;5;30;54
2021;2;5;2;17;6;18;43
2021;2;6;2;23;5;18;48
2021;2;7;0;19;4;18;41
2021;2;8;1;22;1;18;42
2021;3;10;4;14;2;19;39
2021;3;11;1;12;3;19;35
2021;3;12;1;13;4;17;35
2021;3;13;3;30;6;16;55
2021;3;9;3;13;5;12;33
2021;4;14;3;18;1;18;40
2021;4;15;1;16;3;15;35
2021;4;16;1;17;7;16;41
2021;4;17;2;20;4;15;41
2021;5;18;3;18;2;18;41
2021;5;19;1;12;3;16;32
2021;5;20;3;18;1;14;36
2021;5;21;1;12;4;15;32
2021;5;22;4;11;7;15;37
2021;6;23;2;15;5;8;30
2021;6;24;1;24;5;10;40
2021;6;25;4;13;4;20;41
2021;6;26;3;21;3;14;41
2021;7;27;2;17;4;16;39
2021;7;28;0;19;3;14;36
2021;7;29;0;11;3;19;33
2021;7;30;1;19;6;10;36
2021;8;31;4;12;3;14;33
2021;8;32;4;23;3;30;60
2021;8;33;4;15;5;12;36
2021;8;34;4;17;8;19;48
2021;8;35;2;16;6;18;42
2021;9;36;4;19;2;18;43
2021;9;37;2;21;3;22;48
2021;9;38;2;22;5;21;50
2021;9;39;2;22;3;13;40
2020;10;40;3;20;8;16;47
2020;10;41;7;15;4;16;42
2020;10;42;3;12;4;25;44
2020;10;43;3;32;4;26;65
2020;1;1;1;20;3;18;42
2020;11;44;1;39;6;31;77
2020;11;45;5;42;5;56;108
2020;11;46;2;56;7;48;113
2020;11;47;1;42;5;47;95
2020;11;48;1;29;8;40;78
2020;1;2;3;9;4;20;36
2020;12;49;0;29;5;27;61
2020;12;50;1;29;2;29;61
2020;12;51;2;27;2;20;51
2020;12;52;3;23;3;28;57
2020;1;3;3;17;6;26;52
2020;1;4;3;18;1;20;42
2020;1;53;3;22;4;22;51
2020;2;5;3;23;2;22;50
2020;2;6;1;17;5;17;40
2020;2;7;2;20;5;21;48
2020;2;8;1;19;6;24;50
2020;3;10;1;15;3;15;34
2020;3;11;3;16;4;20;43
2020;3;12;5;19;0;26;50
2020;3;13;1;23;7;25;56
2020;3;9;1;9;5;9;24
2020;4;14;2;29;5;29;65
2020;4;15;2;18;1;36;57
2020;4;16;0;41;3;30;74
2020;4;17;1;18;3;18;40
2020;5;18;1;15;2;11;29
2020;5;19;3;9;4;14;30
2020;5;20;0;14;5;22;41
2020;5;21;1;17;5;12;35
2020;6;22;2;12;5;16;35
2020;6;23;2;16;2;15;35
2020;6;24;1;18;3;13;35
2020;6;25;1;22;4;13;40
2020;6;26;1;14;0;27;42
2020;7;27;1;13;6;19;39
2020;7;28;0;17;5;14;36
2020;7;29;3;8;5;15;31
2020;7;30;3;17;3;11;34
2020;8;31;3;19;6;16;44
2020;8;32;0;15;2;8;25
2020;8;33;1;19;6;14;40
2020;8;34;3;20;5;12;40
2020;8;35;2;19;3;17;41
2020;9;36;3;15;6;19;43
2020;9;37;1;18;2;22;43
2020;9;38;1;26;4;18;49
2020;9;39;3;19;5;16;43
2019;10;40;2;11;3;15;31
2019;10;41;3;14;6;11;34
2019;10;42;1;13;5;12;31
2019;10;43;5;13;3;14;35
2019;1;1;1;27;5;21;54
2019;11;44;3;14;3;16;36
2019;11;45;3;30;2;15;50
2019;11;46;2;20;2;20;44
2019;11;47;4;15;4;15;38
2019;1;2;2;15;5;22;44
2019;12;48;2;27;7;13;49
2019;12;49;2;20;3;15;40
2019;12;50;0;16;5;25;46
2019;12;51;5;12;2;18;37
2019;12;52;2;15;2;18;37
2019;1;3;2;20;7;13;42
2019;1;4;3;22;3;18;46
2019;2;5;2;22;4;16;44
2019;2;6;3;25;7;21;56
2019;2;7;0;25;2;24;51
2019;2;8;4;23;3;20;50
2019;3;10;3;21;5;25;54
2019;3;11;3;18;1;21;43
2019;3;12;2;18;2;22;44
2019;3;9;4;22;4;18;48
2019;4;13;3;15;2;18;38
2019;4;14;1;19;8;13;41
2019;4;15;1;17;2;17;37
2019;4;16;2;13;3;15;33
2019;4;17;2;23;4;15;44
2019;5;18;2;13;4;14;33
2019;5;19;6;16;4;7;33
2019;5;20;2;11;4;22;39
2019;5;21;2;16;6;20;44
2019;6;22;0;16;4;16;36
2019;6;23;3;19;1;9;32
2019;6;24;2;13;5;12;32
2019;6;25;2;15;3;14;34
2019;7;26;1;14;3;21;39
2019;7;27;4;12;2;18;36
2019;7;28;1;24;2;12;39
2019;7;29;1;18;2;12;33
2019;7;30;3;20;2;16;41
2019;8;31;1;19;2;10;32
2019;8;32;4;12;3;17;36
2019;8;33;3;16;3;13;35
2019;8;34;1;13;2;14;30
2019;9;35;5;16;7;18;46
2019;9;36;2;22;7;8;39
2019;9;37;1;21;7;17;46
2019;9;38;3;18;2;22;45
2019;9;39;2;15;4;16;37
2018;10;40;1;15;5;9;30
2018;10;41;1;20;5;13;39
2018;10;42;5;17;2;17;41
2018;10;43;4;18;2;16;40
2018;10;44;1;15;0;17;33
2018;1;1;1;27;5;24;57
2018;11;45;1;12;1;21;35
2018;11;46;2;23;3;19;47
2018;11;47;2;16;7;16;41
2018;11;48;5;22;5;18;50
2018;1;2;1;35;1;18;55
2018;12;49;2;16;2;22;42
2018;12;50;3;24;8;17;52
2018;12;51;4;24;4;12;44
2018;12;52;3;21;6;26;56
2018;1;3;3;15;5;11;34
2018;1;4;3;20;4;13;40
2018;1;5;3;21;3;16;43
2018;2;6;3;25;2;15;45
2018;2;7;3;22;8;13;46
2018;2;8;3;23;6;20;52
2018;2;9;2;18;3;17;40
2018;3;10;4;10;10;21;45
2018;3;11;3;14;1;13;31
2018;3;12;2;12;2;20;36
2018;3;13;2;23;11;19;55
2018;4;14;4;19;4;17;44
2018;4;15;1;16;5;16;38
2018;4;16;1;14;1;11;27
2018;4;17;2;18;6;12;38
2018;4;18;4;20;4;12;40
2018;5;19;2;19;3;14;38
2018;5;20;2;10;3;10;25
2018;5;21;1;17;2;14;34
2018;5;22;2;17;2;11;32
2018;6;23;1;14;7;9;31
2018;6;24;3;20;1;12;36
2018;6;25;5;9;2;12;28
2018;6;26;2;12;4;16;34
2018;7;27;1;20;4;19;44
2018;7;28;1;16;5;11;33
2018;7;29;2;11;2;14;29
2018;7;30;0;11;5;13;29
2018;7;31;0;19;3;18;40
2018;8;32;1;14;6;20;41
2018;8;33;3;13;3;13;32
2018;8;34;1;20;2;20;43
2018;8;35;1;14;5;19;39
2018;9;36;3;16;2;15;36
2018;9;37;2;18;6;12;38
2018;9;38;1;12;2;16;31
2018;9;39;1;17;4;13;35
2017;10;40;2;18;6;21;47
2017;10;41;2;20;3;14;39
2017;10;42;3;9;1;19;32
2017;10;43;2;17;3;15;37
2017;10;44;2;11;5;17;35
2017;1;1;1;36;9;26;72
2017;11;45;5;15;4;8;32
2017;11;46;4;20;4;9;37
2017;11;47;1;15;5;15;36
2017;11;48;2;23;6;19;50
2017;1;2;3;26;5;25;59
2017;12;49;4;15;5;19;43
2017;12;50;1;21;1;19;42
2017;12;51;2;25;3;19;49
2017;12;52;3;30;7;16;56
2017;1;3;2;25;3;22;52
2017;1;4;2;11;3;21;37
2017;1;5;2;25;4;15;46
2017;2;6;1;19;7;18;45
2017;2;7;2;21;3;19;45
2017;2;8;2;16;4;17;39
2017;2;9;2;15;6;18;41
2017;3;10;3;17;3;16;39
2017;3;11;5;17;4;10;36
2017;3;12;4;16;3;12;35
2017;3;13;2;15;3;10;30
2017;4;14;1;18;3;14;36
2017;4;15;1;21;1;9;32
2017;4;16;3;20;7;22;52
2017;4;17;2;18;1;7;28
2017;5;18;1;18;5;12;36
2017;5;19;5;14;5;15;39
2017;5;20;2;17;2;12;33
2017;5;21;1;12;1;11;25
2017;5;22;0;13;6;5;24
2017;6;23;1;22;3;12;38
2017;6;24;3;13;3;14;33
2017;6;25;3;16;6;17;42
2017;6;26;1;13;3;15;32
2017;7;27;1;15;4;15;35
2017;7;28;3;9;8;20;40
2017;7;29;2;13;5;19;39
2017;7;30;1;19;2;15;37
2017;7;31;4;13;5;23;45
2017;8;32;2;9;2;13;26
2017;8;33;1;15;5;19;40
2017;8;34;4;5;7;15;31
2017;8;35;1;15;2;14;32
2017;9;36;4;12;3;20;39
2017;9;37;3;11;3;24;41
2017;9;38;4;20;8;22;54
2017;9;39;1;17;4;12;34
2016;10;40;2;22;7;17;48
2016;10;41;4;17;5;14;40
2016;10;42;2;19;4;18;43
2016;10;43;1;17;8;17;43
2016;10;44;1;20;5;15;41
2016;1;1;3;16;5;13;37
2016;11;45;1;21;9;12;43
2016;11;46;5;19;3;13;40
2016;11;47;2;15;5;24;46
2016;11;48;5;16;3;14;38
2016;1;2;1;17;4;12;34
2016;12;49;3;23;3;15;44
2016;12;50;3;26;3;24;56
2016;12;51;2;20;4;16;42
2016;12;52;6;23;0;17;46
2016;1;3;1;20;2;13;36
2016;1;4;5;16;7;14;42
2016;2;5;4;19;5;14;42
2016;2;6;1;15;2;21;39
2016;2;7;3;18;1;17;39
2016;2;8;3;18;4;22;47
2016;2;9;2;14;5;13;34
2016;3;10;1;14;3;10;28
2016;3;11;4;15;2;22;43
2016;3;12;1;17;5;17;40
2016;3;13;2;13;3;18;36
2016;4;14;1;19;5;19;44
2016;4;15;0;20;1;16;37
2016;4;16;1;20;2;10;33
2016;4;17;4;26;2;15;47
2016;5;18;3;17;3;19;42
2016;5;19;4;9;5;15;33
2016;5;20;0;13;4;15;32
2016;5;21;3;18;7;19;47
2016;5;22;0;14;4;9;27
2016;6;23;2;12;4;14;32
2016;6;24;2;10;7;21;40
2016;6;25;5;13;4;19;41
2016;6;26;0;13;2;17;32
2016;7;27;0;16;2;16;34
2016;7;28;5;16;1;15;37
2016;7;29;2;14;4;14;34
2016;7;30;0;9;3;13;25
2016;8;31;0;10;2;14;26
2016;8;32;3;21;9;18;51
2016;8;33;1;17;3;12;33
2016;8;34;0;16;4;13;33
2016;8;35;2;17;1;14;34
2016;9;36;2;16;5;11;34
2016;9;37;2;17;4;13;36
2016;9;38;4;18;2;15;39
2016;9;39;0;11;6;21;38
2015;10;40;2;13;3;10;28
2015;10;41;3;13;3;14;33
2015;10;42;3;18;4;16;41
2015;10;43;2;15;5;21;43
2015;1;1;2;21;3;17;43
2015;11;44;2;19;4;14;39
2015;11;45;0;11;7;16;34
2015;11;46;3;17;7;10;37
2015;11;47;7;15;2;14;38
2015;11;48;0;17;3;15;35
2015;1;2;2;14;5;21;42
2015;12;49;3;24;4;15;46
2015;12;50;1;22;4;14;41
2015;12;51;2;17;1;12;32
2015;12;52;4;20;4;13;41
2015;1;3;1;19;7;20;47
2015;1;4;0;20;6;12;38
2015;1;53;2;21;4;13;40
2015;2;5;0;22;3;15;40
2015;2;6;2;22;5;26;55
2015;2;7;1;25;6;21;53
2015;2;8;1;34;7;24;66
2015;3;10;2;30;3;13;48
2015;3;11;1;23;2;13;39
2015;3;12;3;23;2;21;49
2015;3;13;2;15;3;21;41
2015;3;9;1;29;4;31;65
2015;4;14;3;14;8;18;43
2015;4;15;3;16;0;12;31
2015;4;16;4;12;7;21;44
2015;4;17;0;12;2;21;35
2015;5;18;1;21;2;12;36
2015;5;19;3;13;5;12;33
2015;5;20;1;10;4;12;27
2015;5;21;1;14;9;21;45
2015;6;22;2;15;3;5;25
2015;6;23;5;22;2;5;34
2015;6;24;2;10;4;13;29
2015;6;25;2;15;3;13;33
2015;6;26;4;19;3;15;41
2015;7;27;4;9;4;15;32
2015;7;28;0;15;6;19;40
2015;7;29;2;17;8;12;39
2015;7;30;2;13;6;17;38
2015;8;31;1;19;3;12;35
2015;8;32;0;23;5;18;46
2015;8;33;2;19;0;19;40
2015;8;34;3;12;2;13;30
2015;8;35;4;9;1;16;30
2015;9;36;0;21;3;9;33
2015;9;37;5;14;5;11;35
2015;9;38;4;19;6;11;40
2015;9;39;2;15;5;18;40
2014;10;40;4;15;5;17;41
2014;10;41;3;22;2;16;43
2014;10;42;1;14;2;11;28
2014;10;43;3;17;5;17;42
2014;1;1;0;24;3;14;41
2014;11;44;0;15;1;14;30
2014;11;45;4;15;5;22;46
2014;11;46;2;12;3;12;29
2014;11;47;1;22;4;19;46
2014;1;2;3;14;7;14;38
2014;12;48;2;18;0;25;45
2014;12;49;3;21;10;13;47
2014;12;50;2;18;9;16;45
2014;12;51;1;18;4;11;34
2014;12;52;2;14;3;19;38
2014;1;3;2;20;5;16;43
2014;1;4;2;11;8;15;36
2014;2;5;0;17;8;17;42
2014;2;6;3;25;5;19;52
2014;2;7;2;20;5;19;46
2014;2;8;3;18;4;15;40
2014;3;10;1;17;2;17;37
2014;3;11;0;23;2;8;33
2014;3;12;2;19;4;20;45
2014;3;13;0;25;1;16;42
2014;3;9;2;19;5;26;52
2014;4;14;0;9;3;14;26
2014;4;15;2;19;1;19;41
2014;4;16;3;27;3;12;45
2014;4;17;2;15;0;11;28
2014;5;18;2;17;5;10;34
2014;5;19;2;16;7;19;44
2014;5;20;0;14;5;16;35
2014;5;21;2;21;2;20;45
2014;6;22;1;17;3;9;30
2014;6;23;4;12;4;22;42
2014;6;24;2;17;4;17;40
2014;6;25;0;14;4;18;36
2014;6;26;4;12;4;12;32
2014;7;27;1;22;5;15;43
2014;7;28;6;12;3;13;34
2014;7;29;4;18;4;13;39
2014;7;30;2;11;0;12;25
2014;8;31;3;16;4;18;41
2014;8;32;3;17;5;9;34
2014;8;33;1;13;1;12;27
2014;8;34;1;15;1;20;37
2014;9;35;5;11;5;24;45
2014;9;36;4;13;2;14;33
2014;9;37;0;16;5;14;35
2014;9;38;2;17;5;11;35
2014;9;39;2;11;2;14;29
2013;10;40;5;12;3;16;36
2013;10;41;2;15;1;10;28
2013;10;42;3;6;5;16;30
2013;10;43;4;17;4;9;34
2013;1;1;1;17;8;16;42
2013;11;44;1;10;2;20;33
2013;11;45;6;14;4;16;40
2013;11;46;1;14;3;11;29
2013;11;47;2;11;5;12;30
2013;1;2;2;21;5;14;42
2013;12;48;1;16;1;20;38
2013;12;49;1;20;4;18;43
2013;12;50;2;23;3;17;45
2013;12;51;1;16;12;23;52
2013;12;52;1;14;3;11;29
2013;1;3;3;16;0;20;39
2013;1;4;3;15;3;21;42
2013;2;5;3;17;1;24;45
2013;2;6;4;19;5;19;47
2013;2;7;6;12;6;19;43
2013;2;8;0;24;3;16;43
2013;3;10;2;25;7;15;49
2013;3;11;1;18;3;14;36
2013;3;12;2;29;3;16;50
2013;3;9;3;28;6;15;52
2013;4;13;2;14;5;17;38
2013;4;14;1;14;2;16;33
2013;4;15;1;23;2;15;41
2013;4;16;1;17;8;12;38
2013;4;17;3;24;4;17;48
2013;5;18;0;6;9;16;31
2013;5;19;2;7;4;22;35
2013;5;20;2;12;3;17;34
2013;5;21;1;10;6;18;35
2013;6;22;1;14;1;18;34
2013;6;23;3;14;4;16;37
2013;6;24;2;25;7;18;52
2013;6;25;3;17;4;19;43
2013;7;26;2;18;5;11;36
2013;7;27;3;11;5;11;30
2013;7;28;1;10;4;15;30
2013;7;29;2;11;8;14;35
2013;7;30;0;19;6;12;37
2013;8;31;3;17;2;15;37
2013;8;32;3;15;6;13;37
2013;8;33;2;13;4;9;28
2013;8;34;0;12;2;12;26
2013;9;35;3;15;6;11;35
2013;9;36;3;14;4;11;32
2013;9;37;1;21;6;9;37
2013;9;38;2;11;2;14;29
2013;9;39;2;14;4;13;33
2012;10;40;0;16;5;17;38
2012;10;41;4;19;6;16;45
2012;10;42;1;12;5;12;30
2012;10;43;0;12;4;9;25
2012;10;44;2;15;6;9;32
2012;1;1;1;19;3;9;32
2012;11;45;1;14;4;15;34
2012;11;46;2;14;5;16;37
2012;11;47;0;15;7;15;37
2012;11;48;0;8;2;12;22
2012;1;2;1;17;4;12;34
2012;12;49;2;14;4;13;33
2012;12;50;3;19;8;18;48
2012;12;51;0;18;3;12;33
2012;12;52;1;12;6;25;44
2012;1;3;6;23;7;16;52
2012;1;4;5;16;2;16;39
2012;1;5;1;25;7;23;56
2012;2;6;3;26;8;9;46
2012;2;7;3;14;2;22;41
2012;2;8;3;18;3;18;42
2012;2;9;1;20;8;15;44
2012;3;10;2;16;10;11;39
2012;3;11;2;21;4;15;42
2012;3;12;3;26;6;14;49
2012;3;13;2;14;5;12;33
2012;4;14;3;22;6;15;46
2012;4;15;2;19;4;13;38
2012;4;16;2;16;2;13;33
2012;4;17;4;23;5;8;40
2012;4;18;5;20;3;16;44
2012;5;19;3;14;7;11;35
2012;5;20;0;18;3;12;33
2012;5;21;2;14;3;17;36
2012;5;22;4;14;5;7;30
2012;6;23;1;16;2;8;27
2012;6;24;5;11;0;8;24
2012;6;25;4;15;9;11;39
2012;6;26;1;12;1;12;26
2012;7;27;4;10;2;10;26
2012;7;28;4;16;6;11;37
2012;7;29;2;15;2;13;32
2012;7;30;2;10;5;12;29
2012;7;31;4;20;5;10;39
2012;8;32;1;9;7;10;27
2012;8;33;5;14;2;15;36
2012;8;34;4;20;2;12;38
2012;8;35;5;10;3;8;26
2012;9;36;3;11;5;8;27
2012;9;37;2;13;3;14;32
2012;9;38;3;14;2;19;38
2012;9;39;4;10;2;7;23
2011;10;40;0;17;2;3;22
2011;10;41;3;16;4;23;46
2011;10;42;1;19;2;14;36
2011;10;43;3;16;7;21;47
2011;10;44;3;16;2;22;43
2011;1;1;2;23;6;17;48
2011;11;45;3;14;7;9;33
2011;11;46;2;14;8;15;39
2011;11;47;1;13;5;11;30
2011;11;48;1;21;7;15;44
2011;1;2;3;18;3;15;39
2011;12;49;2;12;6;16;36
2011;12;50;5;12;2;17;36
2011;12;51;4;14;3;26;47
2011;12;52;3;14;3;10;30
2011;1;3;2;18;4;18;42
2011;1;4;2;14;7;17;40
2011;1;5;4;13;3;20;40
2011;2;6;0;13;1;14;28
2011;2;7;0;12;1;16;29
2011;2;8;2;18;4;14;38
2011;2;9;4;19;2;14;39
2011;3;10;1;20;6;20;47
2011;3;11;2;17;7;11;37
2011;3;12;1;18;9;17;45
2011;3;13;2;18;6;17;43
2011;4;14;0;25;2;24;51
2011;4;15;3;15;5;11;34
2011;4;16;1;22;4;15;42
2011;4;17;3;12;7;11;33
2011;5;18;1;16;4;16;37
2011;5;19;2;19;4;20;45
2011;5;20;2;10;1;9;22
2011;5;21;3;10;9;13;35
2011;5;22;2;11;6;15;34
2011;6;23;0;15;6;16;37
2011;6;24;0;13;4;16;33
2011;6;25;5;8;5;13;31
2011;6;26;6;18;2;22;48
2011;7;27;2;15;4;13;34
2011;7;28;5;18;3;11;37
2011;7;29;3;9;3;15;30
2011;7;30;2;16;2;21;41
2011;8;31;4;18;3;10;35
2011;8;32;1;12;3;9;25
2011;8;33;4;27;7;16;54
2011;8;34;1;16;7;12;36
2011;8;35;0;11;7;17;35
2011;9;36;4;10;3;19;36
2011;9;37;3;18;2;22;45
2011;9;38;0;6;1;16;23
2011;9;39;2;23;9;12;46
2010;10;40;3;15;4;10;32
2010;10;41;2;15;3;12;32
2010;10;42;2;15;8;14;39
2010;10;43;3;12;5;13;33
2010;1;1;3;14;5;20;42
2010;11;44;1;18;4;16;39
2010;11;45;2;18;4;13;37
2010;11;46;0;25;4;13;42
2010;11;47;0;19;4;11;34
2010;11;48;0;16;0;14;30
2010;12;49;1;18;2;13;34
2010;12;50;4;14;4;16;38
2010;12;51;4;13;8;14;39
2010;12;52;1;21;5;13;40
2010;1;2;7;13;6;12;38
2010;1;3;3;12;8;13;36
2010;1;4;3;23;4;13;43
2010;2;5;2;10;7;10;29
2010;2;6;1;17;2;13;33
2010;2;7;2;20;6;20;48
2010;2;8;0;20;1;17;38
2010;3;10;5;12;6;14;37
2010;3;11;2;18;6;14;40
2010;3;12;4;14;2;15;35
2010;3;13;2;15;5;20;42
2010;3;9;3;18;5;13;39
2010;4;14;3;23;6;20;52
2010;4;15;1;19;4;16;40
2010;4;16;4;14;2;14;34
2010;4;17;3;18;2;13;36
2010;5;18;0;26;5;10;41
2010;5;19;5;15;3;14;37
2010;5;20;2;22;4;12;40
2010;5;21;1;13;7;10;31
2010;5;22;2;10;4;10;26
2010;6;23;3;14;6;12;35
2010;6;24;4;12;5;14;35
2010;6;25;6;12;7;11;36
2010;6;26;4;6;2;8;20
2010;7;27;2;13;5;17;37
2010;7;28;1;11;5;12;29
2010;7;29;2;17;6;5;30
2010;7;30;4;10;8;18;40
2010;8;31;3;10;3;13;29
2010;8;32;4;17;9;18;48
2010;8;33;2;14;3;8;27
2010;8;34;1;13;5;12;31
2010;8;35;3;12;5;18;38
2010;9;36;3;11;3;8;25
2010;9;37;4;20;4;8;36
2010;9;38;0;20;6;16;42
2010;9;39;2;19;8;16;45
2009;10;40;3;24;2;15;44
2009;10;41;1;19;6;10;36
2009;10;42;1;22;5;16;44
2009;10;43;1;14;6;9;30
2009;1;1;2;22;3;16;43
2009;11;44;2;8;9;12;31
2009;11;45;1;14;1;17;33
2009;11;46;4;12;3;6;25
2009;11;47;3;20;7;11;41
2009;11;48;1;23;3;17;44
2009;1;2;4;18;5;12;39
2009;12;49;3;16;5;12;36
2009;12;50;3;19;3;15;40
2009;12;51;2;23;4;14;43
2009;12;52;2;23;6;9;40
2009;1;3;2;25;3;18;48
2009;1;4;3;21;3;13;40
2009;1;53;1;12;7;13;33
2009;2;5;1;25;1;16;43
2009;2;6;4;17;4;17;42
2009;2;7;1;22;0;14;37
2009;2;8;0;15;4;12;31
2009;3;10;5;19;7;16;47
2009;3;11;1;13;4;20;38
2009;3;12;3;15;9;13;40
2009;3;13;0;20;10;16;46
2009;3;9;8;18;3;15;44
2009;4;14;3;14;3;14;34
2009;4;15;1;15;4;10;30
2009;4;16;2;12;1;12;27
2009;4;17;0;12;4;9;25
2009;5;18;3;11;7;15;36
2009;5;19;1;17;0;8;26
2009;5;20;2;15;4;8;29
2009;5;21;1;23;3;13;40
2009;6;22;1;11;6;15;33
2009;6;23;1;6;1;26;34
2009;6;24;4;13;5;9;31
2009;6;25;3;14;6;13;36
2009;6;26;4;10;1;10;25
2009;7;27;3;16;6;11;36
2009;7;28;3;12;6;14;35
2009;7;29;0;19;5;8;32
2009;7;30;3;8;6;14;31
2009;8;31;4;12;10;17;43
2009;8;32;1;11;4;16;32
2009;8;33;1;11;7;14;33
2009;8;34;2;6;7;16;31
2009;8;35;3;18;1;17;39
2009;9;36;5;26;3;19;53
2009;9;37;3;15;4;11;33
2009;9;38;5;20;4;9;38
2009;9;39;3;15;7;15;40
2008;10;40;4;14;4;16;38
2008;10;41;4;8;7;7;26
2008;10;42;3;15;3;16;37
2008;10;43;1;8;3;23;35
2008;1;1;2;20;4;19;45
2008;11;44;3;21;2;7;33
2008;11;45;4;15;6;10;35
2008;11;46;0;16;4;11;31
2008;11;47;2;15;8;8;33
2008;1;2;2;27;7;12;48
2008;12;48;3;20;3;12;38
2008;12;49;2;18;1;11;32
2008;12;50;6;19;5;15;45
2008;12;51;1;16;3;16;36
2008;12;52;0;20;5;12;37
2008;1;3;3;13;6;13;35
2008;1;4;2;11;4;19;36
2008;2;5;4;15;6;5;30
2008;2;6;1;18;4;14;37
2008;2;7;4;11;2;12;29
2008;2;8;1;8;6;12;27
2008;3;10;0;15;7;11;33
2008;3;11;3;13;3;13;32
2008;3;12;1;13;6;11;31
2008;3;13;2;13;5;18;38
2008;3;9;0;17;5;10;32
2008;4;14;2;13;7;13;35
2008;4;15;3;15;3;16;37
2008;4;16;2;14;2;13;31
2008;4;17;3;8;1;10;22
2008;5;18;0;15;6;12;33
2008;5;19;2;9;5;9;25
2008;5;20;2;11;1;11;25
2008;5;21;1;13;4;18;36
2008;6;22;4;15;4;13;36
2008;6;23;2;16;3;7;28
2008;6;24;2;16;4;11;33
2008;6;25;0;21;7;14;42
2008;6;26;3;9;4;14;30
2008;7;27;1;14;3;16;34
2008;7;28;2;16;5;18;41
2008;7;29;4;16;3;8;31
2008;7;30;4;14;4;14;36
2008;8;31;0;10;6;11;27
2008;8;32;3;13;3;14;33
2008;8;33;3;19;2;16;40
2008;8;34;2;15;0;23;40
2008;9;35;1;15;6;16;38
2008;9;36;2;9;3;11;25
2008;9;37;2;16;4;11;33
2008;9;38;4;15;3;10;32
2008;9;39;0;11;2;8;21
2007;10;40;0;17;1;11;29
2007;10;41;0;21;9;7;37
2007;10;42;1;11;3;14;29
2007;10;43;1;13;7;12;33
2007;10;44;1;14;4;19;38
2007;1;1;2;21;7;15;45
2007;11;45;3;15;4;10;32
2007;11;46;4;23;3;9;39
2007;11;47;2;12;4;12;30
2007;11;48;4;10;1;12;27
2007;1;2;2;15;3;19;39
2007;12;49;5;15;5;17;42
2007;12;50;0;14;7;8;29
2007;12;51;1;13;7;13;34
2007;12;52;4;17;5;18;44
2007;1;3;5;17;6;16;44
2007;1;4;5;16;2;13;36
2007;1;5;1;24;4;13;42
2007;2;6;3;17;5;10;35
2007;2;7;2;14;6;14;36
2007;2;8;1;15;7;12;35
2007;2;9;2;14;4;10;30
2007;3;10;4;21;1;16;42
2007;3;11;0;16;3;13;32
2007;3;12;3;16;5;11;35
2007;3;13;3;18;5;10;36
2007;4;14;6;14;4;11;35
2007;4;15;3;13;2;14;32
2007;4;16;2;23;7;20;52
2007;4;17;1;15;4;13;33
2007;4;18;4;15;5;7;31
2007;5;19;4;11;6;20;41
2007;5;20;1;13;7;16;37
2007;5;21;4;13;4;15;36
2007;5;22;1;9;4;10;24
2007;6;23;3;16;6;14;39
2007;6;24;5;13;5;12;35
2007;6;25;2;20;8;12;42
2007;6;26;4;8;8;16;36
2007;7;27;0;7;4;16;27
2007;7;28;2;11;7;11;31
2007;7;29;0;13;4;18;35
2007;7;30;4;9;6;10;29
2007;7;31;2;10;5;8;25
2007;8;32;3;13;7;11;34
2007;8;33;2;11;6;8;27
2007;8;34;1;8;4;12;25
2007;8;35;0;15;5;10;30
2007;9;36;1;19;3;17;40
2007;9;37;2;13;4;8;27
2007;9;38;3;14;2;13;32
2007;9;39;0;16;7;13;36
2006;10;40;4;19;2;9;34
2006;10;41;4;12;7;11;34
2006;10;42;4;23;1;13;41
2006;10;43;1;14;4;14;33
2006;10;44;3;15;8;8;34
2006;1;1;2;17;6;20;45
2006;11;45;3;16;6;15;40
2006;11;46;2;10;4;17;33
2006;11;47;2;16;2;7;27
2006;11;48;3;15;2;11;31
2006;1;2;1;13;6;14;34
2006;12;49;2;16;5;14;37
2006;12;50;2;19;7;8;36
2006;12;51;3;21;4;17;45
2006;12;52;4;23;10;15;52
2006;1;3;2;26;2;17;47
2006;1;4;4;19;5;17;45
2006;1;5;1;17;3;11;32
2006;2;6;1;29;3;20;53
2006;2;7;1;17;1;13;32
2006;2;8;1;20;8;16;45
2006;2;9;3;13;1;16;33
2006;3;10;5;9;2;15;31
2006;3;11;2;14;3;6;25
2006;3;12;2;14;6;15;37
2006;3;13;1;18;4;9;32
2006;4;14;1;14;6;12;33
2006;4;15;4;18;1;15;38
2006;4;16;4;14;7;8;33
2006;4;17;2;12;3;19;36
2006;5;18;2;9;3;20;34
2006;5;19;2;15;5;16;38
2006;5;20;2;18;6;14;40
2006;5;21;3;9;6;18;36
2006;5;22;3;13;3;10;29
2006;6;23;0;22;8;18;48
2006;6;24;4;11;4;12;31
2006;6;25;0;13;3;10;26
2006;6;26;3;9;5;13;30
2006;7;27;2;7;6;18;33
2006;7;28;3;6;9;15;33
2006;7;29;2;14;2;19;37
2006;7;30;1;13;9;15;38
2006;7;31;4;12;4;13;33
2006;8;32;1;9;3;8;21
2006;8;33;3;11;4;19;37
2006;8;34;2;22;6;14;44
2006;8;35;2;7;4;17;30
2006;9;36;1;10;2;12;25
2006;9;37;2;10;6;17;35
2006;9;38;2;11;4;7;24
2006;9;39;2;14;9;11;36
2005;10;40;4;12;2;10;28
2005;10;41;3;24;5;12;44
2005;10;42;2;14;3;7;26
2005;10;43;0;13;0;14;27
2005;10;44;1;13;4;11;29
2005;1;1;2;17;6;16;41
2005;11;45;0;15;10;9;34
2005;11;46;2;12;3;7;24
2005;11;47;6;16;3;15;40
2005;11;48;2;22;6;22;52
2005;1;2;0;20;2;16;38
2005;12;49;4;16;7;11;38
2005;12;50;1;17;5;6;29
2005;12;51;0;19;7;13;39
2005;12;52;0;19;7;12;38
2005;1;3;3;17;1;16;37
2005;1;4;2;19;4;19;44
2005;1;5;0;17;3;24;44
2005;2;6;2;24;4;18;48
2005;2;7;1;34;4;12;51
2005;2;8;1;25;6;16;48
2005;2;9;5;25;8;17;55
2005;3;10;2;14;7;17;40
2005;3;11;1;23;6;16;46
2005;3;12;1;20;4;23;48
2005;3;13;1;9;6;13;29
2005;4;14;1;14;9;17;41
2005;4;15;4;15;7;18;44
2005;4;16;2;16;0;11;29
2005;4;17;2;21;3;14;40
2005;5;18;2;7;3;10;22
2005;5;19;0;13;3;12;28
2005;5;20;2;12;2;13;29
2005;5;21;2;11;6;14;33
2005;5;22;3;10;5;6;24
2005;6;23;3;9;5;11;28
2005;6;24;2;13;8;13;36
2005;6;25;1;15;7;18;41
2005;6;26;1;12;2;13;28
2005;7;27;4;13;5;11;33
2005;7;28;5;15;5;14;39
2005;7;29;2;15;4;11;32
2005;7;30;1;6;6;21;34
2005;8;31;3;10;2;9;24
2005;8;32;3;15;6;11;35
2005;8;33;2;16;2;15;35
2005;8;34;3;10;2;16;31
2005;8;35;3;11;7;10;31
2005;9;36;6;10;4;11;31
2005;9;37;2;13;7;16;38
2005;9;38;2;18;4;9;33
2005;9;39;4;12;6;12;34
2004;10;40;4;16;4;16;40
2004;10;41;2;14;8;19;43
2004;10;42;1;11;4;13;29
2004;10;43;3;12;7;15;37
2004;1;1;0;14;5;21;40
2004;11;44;1;16;7;14;38
2004;11;45;0;13;5;14;32
2004;11;46;5;13;9;15;42
2004;11;47;3;14;10;14;41
2004;11;48;0;18;5;14;37
2004;1;2;3;28;5;20;56
2004;12;49;3;12;7;13;35
2004;12;50;3;13;4;15;35
2004;12;51;5;14;4;11;34
2004;12;52;5;17;3;9;34
2004;1;3;3;26;9;18;56
2004;1;4;2;15;6;23;46
2004;1;53;0;17;7;13;37
2004;2;5;4;24;4;10;42
2004;2;6;3;18;3;19;43
2004;2;7;4;22;5;12;43
2004;2;8;1;17;8;14;40
2004;3;10;4;23;5;17;49
2004;3;11;2;22;10;13;47
2004;3;12;7;16;6;8;37
2004;3;13;5;23;4;13;45
2004;3;9;2;14;8;14;38
2004;4;14;1;18;5;15;39
2004;4;15;2;12;6;15;35
2004;4;16;1;14;5;9;29
2004;4;17;2;14;8;20;44
2004;5;18;3;16;5;16;40
2004;5;19;2;10;4;18;34
2004;5;20;1;11;3;17;32
2004;5;21;1;9;3;8;21
2004;5;22;2;9;6;13;30
2004;6;23;0;9;4;10;23
2004;6;24;2;12;6;19;39
2004;6;25;2;17;3;11;33
2004;6;26;0;11;4;9;24
2004;7;27;1;11;7;19;38
2004;7;28;0;15;4;10;29
2004;7;29;1;14;0;9;24
2004;7;30;3;13;4;12;32
2004;8;31;2;15;7;13;37
2004;8;32;1;14;2;8;25
2004;8;33;0;11;2;10;23
2004;8;34;3;12;6;14;35
2004;8;35;1;8;4;18;31
2004;9;36;4;17;6;7;34
2004;9;37;2;10;5;8;25
2004;9;38;3;10;6;27;46
2004;9;39;3;19;7;14;43
2003;10;40;5;14;5;8;32
2003;10;41;3;5;2;16;26
2003;10;42;2;15;3;12;32
2003;10;43;3;11;5;13;32
2003;1;1;0;9;4;15;28
2003;11;44;1;15;2;20;38
2003;11;45;2;11;5;17;35
2003;11;46;3;16;7;14;40
2003;11;47;1;15;2;16;34
2003;1;2;3;20;4;13;40
2003;12;48;2;17;4;19;42
2003;12;49;2;22;7;19;50
2003;12;50;4;17;2;15;38
2003;12;51;1;20;3;6;30
2003;12;52;1;16;4;13;34
2003;1;3;1;26;7;17;51
2003;1;4;5;8;5;15;33
2003;2;5;1;19;4;20;44
2003;2;6;7;19;6;15;47
2003;2;7;4;17;7;26;54
2003;2;8;1;15;1;23;40
2003;3;10;2;17;9;17;45
2003;3;11;0;21;4;13;38
2003;3;12;4;17;11;18;50
2003;3;13;4;20;3;15;42
2003;3;9;1;14;5;9;29
2003;4;14;4;13;15;20;52
2003;4;15;4;15;4;18;41
2003;4;16;6;11;5;20;42
2003;4;17;3;14;3;18;38
2003;5;18;3;18;3;21;45
2003;5;19;2;14;3;10;29
2003;5;20;2;15;3;15;35
2003;5;21;2;14;5;10;31
2003;6;22;4;20;1;15;40
2003;6;23;1;13;7;11;32
2003;6;24;2;15;6;11;34
2003;6;25;2;16;3;13;34
2003;6;26;1;14;8;17;40
2003;7;27;2;11;0;13;26
2003;7;28;1;11;6;14;32
2003;7;29;1;18;3;9;31
2003;7;30;3;15;5;8;31
2003;8;31;1;9;10;6;26
2003;8;32;0;13;1;13;27
2003;8;33;1;16;3;9;29
2003;8;34;2;13;8;13;36
2003;9;35;2;11;1;12;26
2003;9;36;3;23;6;13;45
2003;9;37;4;24;8;12;48
2003;9;38;1;16;8;18;43
2003;9;39;2;21;4;8;35
2002;10;40;3;15;1;10;29
2002;10;41;5;13;0;13;31
2002;10;42;3;12;7;14;36
2002;10;43;4;13;6;22;45
2002;1;1;3;24;4;16;47
2002;11;44;1;10;9;14;34
2002;11;45;2;15;4;13;34
2002;11;46;2;9;5;12;28
2002;11;47;2;10;4;17;33
2002;1;2;1;12;3;21;37
2002;12;48;4;19;2;13;38
2002;12;49;7;13;7;18;45
2002;12;50;5;18;6;16;45
2002;12;51;3;15;3;8;29
2002;12;52;1;20;4;15;40
2002;1;3;1;22;3;12;38
2002;1;4;5;18;3;13;39
2002;2;5;1;25;3;12;41
2002;2;6;2;24;1;18;45
2002;2;7;1;15;4;23;43
2002;2;8;2;27;3;13;45
2002;3;10;5;14;7;12;38
2002;3;11;4;11;2;17;34
2002;3;12;2;18;7;18;45
2002;3;9;0;12;1;15;28
2002;4;13;4;16;7;11;38
2002;4;14;2;19;9;9;39
2002;4;15;4;12;3;21;40
2002;4;16;3;14;5;14;36
2002;4;17;3;16;4;19;42
2002;5;18;1;11;7;16;35
2002;5;19;2;15;3;8;28
2002;5;20;5;9;4;11;29
2002;5;21;3;19;6;15;43
2002;6;22;0;12;4;17;33
2002;6;23;1;13;3;13;30
2002;6;24;2;11;3;10;26
2002;6;25;3;14;5;7;29
2002;7;26;2;14;1;14;31
2002;7;27;4;19;10;3;36
2002;7;28;1;19;4;15;39
2002;7;29;4;11;2;16;33
2002;7;30;1;11;2;16;30
2002;8;31;2;10;3;18;33
2002;8;32;1;14;4;9;28
2002;8;33;1;17;3;12;33
2002;8;34;3;12;9;11;35
2002;9;35;4;14;8;15;41
2002;9;36;2;11;3;14;30
2002;9;37;2;12;5;23;42
2002;9;38;3;13;6;12;34
2002;9;39;3;14;8;12;37
2001;10;40;2;16;2;9;29
2001;10;41;1;23;7;10;41
2001;10;42;2;17;3;13;35
2001;10;43;2;13;5;13;33
2001;10;44;2;11;2;12;27
2001;1;1;1;13;4;10;28
2001;11;45;1;15;7;16;39
2001;11;46;3;21;3;12;39
2001;11;47;3;14;6;22;45
2001;11;48;1;14;4;18;37
2001;1;2;2;19;8;18;47
2001;12;49;2;19;2;9;32
2001;12;50;4;16;4;13;37
2001;12;51;2;17;5;15;39
2001;12;52;1;23;7;16;47
2001;1;3;2;24;5;19;50
2001;1;4;1;14;2;19;36
2001;1;5;0;12;3;11;26
2001;2;6;2;12;3;14;31
2001;2;7;1;13;1;18;33
2001;2;8;3;17;6;8;34
2001;2;9;2;25;5;16;48
2001;3;10;2;17;5;12;36
2001;3;11;2;22;3;17;44
2001;3;12;2;13;7;13;35
2001;3;13;4;16;9;10;39
2001;4;14;2;10;5;12;29
2001;4;15;2;26;2;7;37
2001;4;16;4;16;4;13;37
2001;4;17;1;14;4;13;32
2001;4;18;4;12;4;10;30
2001;5;19;3;14;6;10;33
2001;5;20;2;16;4;16;38
2001;5;21;2;26;8;15;51
2001;5;22;1;5;4;14;24
2001;6;23;5;10;6;16;37
2001;6;24;3;16;6;13;38
2001;6;25;1;28;7;17;53
2001;6;26;1;15;4;13;33
2001;7;27;0;7;5;19;31
2001;7;28;0;14;3;13;30
2001;7;29;0;10;7;11;28
2001;7;30;2;10;3;24;39
2001;7;31;0;9;6;10;25
2001;8;32;1;10;7;13;31
2001;8;33;3;8;7;9;27
2001;8;34;2;7;2;13;24
2001;8;35;4;19;3;11;37
2001;9;36;7;9;2;12;30
2001;9;37;4;17;4;13;38
2001;9;38;1;15;5;12;33
2001;9;39;1;10;3;16;30
2000;10;40;4;21;7;13;45
2000;10;41;2;14;1;14;31
2000;10;42;3;19;4;10;36
2000;10;43;1;21;4;14;40
2000;10;44;4;10;5;13;32
2000;1;1;2;29;7;16;54
2000;11;45;5;13;7;20;45
2000;11;46;5;15;7;14;41
2000;11;47;2;15;6;19;42
2000;11;48;1;19;3;13;36
2000;1;2;1;26;5;19;51
2000;12;49;4;10;7;18;39
2000;12;50;6;14;5;7;32
2000;12;51;20;6;4;7;8
2000;12;51;4;12;9;10;35
2000;12;52;4;15;7;23;49
2000;1;3;1;22;3;18;44
2000;1;4;1;19;2;16;38
2000;1;5;3;14;7;10;34
2000;2;6;3;16;3;18;40
2000;2;7;0;21;8;13;42
2000;2;8;0;11;7;19;37
2000;2;9;3;20;7;21;51
2000;3;10;1;11;4;15;31
2000;3;11;2;17;5;10;34
2000;3;12;2;12;4;20;38
2000;3;13;2;17;5;13;37
2000;4;14;2;14;6;14;36
2000;4;15;1;8;6;10;25
2000;4;16;2;15;6;11;34
2000;4;17;4;15;7;13;39
2000;5;18;0;14;6;18;38
2000;5;19;1;13;6;11;31
2000;5;20;2;15;5;8;30
2000;5;21;1;7;4;9;21
2000;5;22;0;11;3;14;28
2000;6;23;1;16;1;15;33
2000;6;24;3;17;5;11;36
2000;6;25;2;7;6;16;31
2000;6;26;6;14;6;13;39
2000;7;27;2;4;6;14;26
2000;7;28;3;14;5;12;34
2000;7;29;2;10;8;12;32
2000;7;30;1;12;5;15;33
2000;7;31;4;13;5;13;35
2000;8;32;0;9;4;16;29
2000;8;33;2;13;5;15;35
2000;8;34;1;8;6;11;26
2000;8;35;3;10;0;11;24
2000;9;36;1;18;3;21;43
2000;9;37;1;13;6;18;38
2000;9;38;4;18;4;15;41
2000;9;39;3;16;5;15;39
2027;12;51;5;7;6;8;26
2026;12;49;6;8;7;9;30
2030;06;26;6;8;7;9;30
2027;10;40;7;9;8;0;24
2029;12;50;7;9;8;9;33
2031;12;50;5;8;7;9;29
